ARTIST,SONG,TABS,TUNING,CAPO,CHORDS,TECHNIQUE
3 Doors Down,Here Without You,https://danielchaveztutorials.com/tabs/here-without-you,Half-Step Down,,Bm | A | G,Picking/Strumming
3 Doors Down,Kryptonite,https://danielchaveztutorials.com/tabs/kryptonite,Standard,,Bm | A | G,Picking/Strumming
Alice In Chains,Brother,https://danielchaveztutorials.com/tabs/brother,Half-Step Down,N/A,,
Andy y Lucas,Tanto La Queria,https://danielchaveztutorials.com/tabs/tanto-la-queria,Standard,3rd Fret,G | Cadd9 | D | Am7 | Bm7,Finger-picking/Strumming
Anti-Flag,Welcome to 1984  ,https://danielchaveztutorials.com/tabs/welcome-to-1984,Standard,N/A,Am | C | F | G,Strumming
Avicci,Wake Me Up,https://danielchaveztutorials.com/tabs/wake-me-up,Standard,2nd Fret,Am | F | C/G | G | E,Strumming
Bayker Blankenship,Jailbreak (feat. Waylon Wyatt),https://danielchaveztutorials.com/tabs/jailbreak,Standard,3rd Fret,Em | G | D | Cadd9,Strumming/Legato
Bayker Blankenship,Maxed Out,https://danielchaveztutorials.com/tabs/maxed-out,Standard,3rd Fret,Cadd9 | G | Em7 | D/F#,Strumming/Legato
Bayker Blankenship,Tennesee Sunset,https://danielchaveztutorials.com/tabs/tennessee-sunset,Standard,2nd Fret,G | D | Am | C,Strumming/Legato
Bayside,Landing Feet First,https://danielchaveztutorials.com/tabs/landing-feet-first,Whole Step Down,,Power Chords,Picking/Strumming/Power Chords
Billy Currington,Good Directions,https://danielchaveztutorials.com/tabs/good-directions,Standard,3rd Fret,D | F#m | G | A | Bm | D/C#,Strumming
Blake Whiten,Breakin' My Heart,https://danielchaveztutorials.com/tabs/breakin-my-heart,Standard,N/A,Am | E | G | F | C/B | C | Csus2,Picking/Strumming
Blake Whiten,Rollin' Stone,https://danielchaveztutorials.com/tabs/rollin-stone,Standard,3rd Fret,Cadd9 | G | Em7 | Dsus,Strumming
Brett Young,In Case You Didn't Know,https://danielchaveztutorials.com/tabs/in-case-you-didnt-know,Standard,3rd Fret,G | D/F# | Cadd9 | Am | G/C | D | Em7 | Dsus4,Strumming
Buffalo Traffic Jam,Fool's Gold,https://danielchaveztutorials.com/tabs/fools-gold,Standard,4th Fret,Cmaj7 | G | G/F# | Em,Strumming
Buffalo Traffic Jam,Hanging On Hope,https://danielchaveztutorials.com/tabs/hanging-on-hope,Standard,3rd Fret,Cadd9 | G | Em | Cmaj7 | G/F#,Fingerpicking/Strumming
Buffalo Traffic Jam,I Don't Care,https://danielchaveztutorials.com/tabs/i-dont-care,Standard,N/A,Em | G | C | Am7 | Gadd#9,Strumming
Buffalo Traffic Jam,Strangers Now,https://danielchaveztutorials.com/tabs/strangers-now,Standard,1st Fret,C/G | Fmaj7 | Am | G | C,Strumming
Buffalo Traffic Jam,Take Me Home,https://danielchaveztutorials.com/tabs/take-me-home-bft,Standard,N/A,Fmaj7 | C | Am7 | G,Strumming
Caamp,All The Debts I Owe,https://danielchaveztutorials.com/tabs/all-the-debts-i-owe,Standard,N/A,Fmaj7 | C | Am | G,Strumming
Caamp,Snowshoes,https://danielchaveztutorials.com/tabs/snowshoes,Half-Step Down,Optional,Fmaj7 | C,Strumming
Cam,Village  ,https://danielchaveztutorials.com/tabs/village,Standard,1st Fret,Em | G/C | G | G6 | D/F# | D | Am | C | E11,Strumming
Cameron Whitcomb,Medusa,https://danielchaveztutorials.com/tabs/medusa,Standard,2nd Fret,Em | G | D | A | Bm,Strumming
CARV,What Did I Do,https://danielchaveztutorials.com/tabs/what-did-i-do,Standard,3rd Fret,Em | Asus13 | Cmaj7/G,Strumming
Charles Wesley Godwin,All Again,https://danielchaveztutorials.com/tabs/all-again,Standard,1st Fret,Em | C | G | D | Cadd9,Picking/Strumming/Palm-muting
Charles Wesley Godwin,Cranes of Potter,https://danielchaveztutorials.com/tabs/cranes-of-potter,Standard,,,
Charles Wesley Godwin,Temporary Town,https://danielchaveztutorials.com/tabs/temporary-town,Standard,,,
Chayce Beckham,23,https://danielchaveztutorials.com/tabs/23,Standard,3rd Fret,Am | C | G | Dm,Picking/Strumming/Palm-muting
Chris Stapleton,Scarecrow In The Garden,https://danielchaveztutorials.com/tabs/scarecrow-in-the-garden,Standard,4th Fret,Am | C | G | F,Picking/Strumming
Chris Stapleton,Tennessee Whiskey,https://danielchaveztutorials.com/tabs/tennessee-whiskey,Standard,,A | Bm | D,Picking/Strumming
Cody Johnson,The Painter,https://danielchaveztutorials.com/tabs/the-painter,Drop D,N/A,Dsus2 | Asus4 | G | D/F# | G/B,Picking/Strumming
Cody Johnson,Travelin' Soldier,https://danielchaveztutorials.com/tabs/travelin-soldier,Drop D,1st Fret,Dsus2 | G | Bm | A,Picking/Strumming
Colby Acuff,If I Were The Devil,https://danielchaveztutorials.com/tabs/if-i-were-the-devil,Standard,4th Fret,Am | C/B | C | G | Fmaj7,Picking/Strumming
Cole Phillips,Drinking Alone,https://danielchaveztutorials.com/tabs/drinking-alone,Standard,1st Fret,G | C/G | D | Cadd9 | Em,Strumming
Corey Smith,Bartender Song (I'm Sittin' at a Bar),https://danielchaveztutorials.com/tabs/bartender-song,Standard,N/A,E | G#m | A | B,Strumming
Corey Smith,Let Her Cry,https://danielchaveztutorials.com/tabs/let-her-cry,Standard,3rd Fret,Em | A | B | Bsus13 | Bsus | Badd11 | Aadd9,Picking/Strumming
Corey Smith,Let Me Love You On A Backroad,https://danielchaveztutorials.com/tabs/let-me-love-you-on-a-backroad,Drop D,N/A,Dsus2 | D | G | A | D5,Picking/Strumming
Dan and Shay,From the Ground Up  ,https://danielchaveztutorials.com/tabs/from-the-ground-up,Standard,2nd Fret,G | D/F# | Em7 | Dsus2 | Cadd9,Strumming
Danno Simpson,Pearly Gates,https://danielchaveztutorials.com/tabs/pearly-gates,Standard,4th Fret,C | F | Am | G,Strumming
Danzig,Mother - Rise Against Version,https://danielchaveztutorials.com/tabs/mother,Half-Step Down,N/A,Am | F | G | E,Strumming
Dierks Bentley,What the Hell Did I Say  ,https://danielchaveztutorials.com/tabs/what-the-hell,Standard,N/A,Dm | B | F | C,Strumming
Drayton Farley,Pitchin' Fits,https://danielchaveztutorials.com/tabs/pitchin-fits,Standard,2nd Fret,Em7 | Cadd9 | G | Dsus,Strumming
Dustin Lynch,Cowboys and Angels,https://danielchaveztutorials.com/tabs/cowboys-and-angels,Whole Step Down,N/A,Am | B/G | C | G | F,Finger-picking/Strumming
Dustin Lynch,Sing it to Me,https://danielchaveztutorials.com/tabs/sing-it-to-me,Standard,1st Fret,G | Bm | A,Strumming
Dylan Gossett,Adeline (You're Outta Line),https://danielchaveztutorials.com/tabs/adeline,Open D Tuning,N/A,Bm | G | A | D,Strumming
Dylan Gossett,American Trail,https://danielchaveztutorials.com/tabs/american-trail,Standard,N/A,Em | G | A7 | C | D | Em7 | B7,Finger-picking/Strumming
Dylan Gossett,Baptized By Rain,https://danielchaveztutorials.com/tabs/baptized-by-rain,Standard,N/A,C#5 | A5 | E5 | B5,Strumming
Dylan Gossett,Beneath Oak Trees,https://danielchaveztutorials.com/tabs/beneath-oak-trees,Standard,4th Fret,Em7 | Cadd9 | G | D | D/F#,Picking/Strumming
Dylan Gossett,Bitter Winds,https://danielchaveztutorials.com/tabs/bitter-winds,Standard,5th Fret,Em | Cmaj7 | G | D/F# | Em7 | D | Cadd9,Picking/Strumming
Dylan Gossett,Cicada Choir,https://danielchaveztutorials.com/tabs/cicada-choir,Standard,4th Fret,Em7 | Cadd9 | G | D/F#,Strumming
Dylan Gossett,Coal,https://danielchaveztutorials.com/tabs/coal,Standard,4th Fret,Am | G6 | F,Strumming
Dylan Gossett,Finally Stop Dreaming,https://danielchaveztutorials.com/tabs/finally-stop-dreaming,Standard,2nd Fret,Am | Gadd11 | C | F,Strumming
Dylan Gossett,Flip a Coin,https://danielchaveztutorials.com/tabs/flip-a-coin,Standard,4th Fret,C | F | Am | Gadd11 | G6 | G,"Finger-picking, Barre Chords"
Dylan Gossett,Hangin' On,https://danielchaveztutorials.com/tabs/hangin-on,Standard,N/A,E | A5 | B5 | C#5,Strumming
Dylan Gossett,If I Had a Lover,https://danielchaveztutorials.com/tabs/if-I-had-a-lover,Standard,5th Fret,F | C | G | Am | Am7/G | Gadd11,Strumming
Dylan Gossett,Like I Do,https://danielchaveztutorials.com/tabs/like-i-do,Standard,N/A,D | A | Bm | G | Em,Picking/Strumming
Dylan Gossett,Livin' The Dream,https://danielchaveztutorials.com/tabs/livin-the-dream,Standard,1st Fret,A5 | E | B5 | C#5 | E5,Strumming
Dylan Gossett,Lone Ole Cowboy,https://danielchaveztutorials.com/tabs/lone-ole-cowboy,Standard,1st Fret,C | F | Am | Gadd11 | G6,Strumming
Dylan Gossett,My Boy,https://danielchaveztutorials.com/tabs/my-boy,Half-Step Down,N/A,Am | C | Fmaj7 | G,Finger-picking
Dylan Gossett,No Better Time,https://danielchaveztutorials.com/tabs/no-better-time,Standard,5th Fret,G | Em7 | Cadd9 | D/F# | D,Strumming
Dylan Gossett,Smell of Rain,https://danielchaveztutorials.com/tabs/smell-of-rain,Standard,6th Fret,D | Em9 | Gmaj7 | G,Fingerpicking
Dylan Gossett,Snake Eyes,https://danielchaveztutorials.com/tabs/snake-eyes,Standard,1st Fret,C/G | G6 | Em,Strumming
Dylan Gossett,Somewhere Between,https://danielchaveztutorials.com/tabs/somewhere-between,Standard,Optional,Capo 7th: Em | D | G | D/F# | C || No Capo: Am | G | C | B/G | F,Strumming
Dylan Gossett,Stronger Than A Storm,https://danielchaveztutorials.com/tabs/stronger-than-a-storm,Standard,2nd Fret,Fsus2 | C | G | Am,Picking/Strumming
Dylan Gossett,Sweet Lady,https://danielchaveztutorials.com/tabs/sweet-lady,Standard,N/A,G | B7 | C | D | Em | E | F#m | A,Strumming
Dylan Gossett,To Be Free,https://danielchaveztutorials.com/tabs/to-be-free,Standard,3rd Fret,C | G/B | Am7 | G | G6 | F,Picking/Strumming
Dylan Gossett,Tree Birds,https://danielchaveztutorials.com/tabs/tree-birds,Standard,N/A,Em7 | Cadd9 | G | D | D/F#,Strumming
Dylan Gossett,Windy City,https://danielchaveztutorials.com/tabs/windy-city,Standard,4th Fret,C | G | Am | F | B7,"Finger-picking, Barre Chords"
Ed Sheeran,Castle on the Hill,https://danielchaveztutorials.com/tabs/castle-on-the-hill,Standard,N/A, Dsus2 | D/F# | G | Bm7  Asus4 | D,Strumming
Ed Sheeran,Love Yourself  ,https://danielchaveztutorials.com/tabs/love-yourself,Standard,N/A,C#5 | A5 | E | B5,Finger-picking
Ed Sheeran,Perfect with Solo and Tabs,https://danielchaveztutorials.com/tabs/perfect,Standard,N/A, G | Em | C | D ,Picking/Strumming
Ed Sheeran,Thinking Out Loud,https://danielchaveztutorials.com/tabs/thinking-out-loud,Whole Step Down,N/A,D | Dsus2/F# | G | A | Em | Asus | Bm7,Finger-picking/Muting
Ed Sheeran,What Do I Know,https://danielchaveztutorials.com/tabs/what-do-i-know,Standard,N/A,Diad Shapes,Finger-picking
Eddie Flint,Midnight Rider,https://danielchaveztutorials.com/tabs/midnight-rider,Standard,2nd Fret,C | G | F | Am | C/B,Picking/Strumming
Ella Langley,Choosin' Texas,https://danielchaveztutorials.com/tabs/choosin-texas,Drop C#,N/A,G | D | Em7 | A | Bm7,Strumming
Ella Langley,you look like you love me,https://danielchaveztutorials.com/tabs/you-look-like-you-love-me,Standard,N/A,C | C/G | Dm | F | G,Picking/Strumming
Eric Church,Record Year Live Version,https://danielchaveztutorials.com/tabs/record-year,Drop D,2nd Fret,D | A | Bm | G,Finger-picking/Strumming
Evan Honer,Jersey Giant (Tyler Childers),https://danielchaveztutorials.com/tabs/jersey-giant-evan-honer,Standard,1st Fret,G | D | Am | C,Picking/Strumming/Palm-muting
Evan Honer,Scared to Love Again,https://danielchaveztutorials.com/tabs/scared-to-love-again,Standard,N/A,F | G | Am | C/B | C | Dm | Em,Picking/Strumming
Evan Honer,Take Me As I Come,https://danielchaveztutorials.com/tabs/take-me-as-i-come,Standard,2nd Fret,C | Dm | G | F,Picking/Strumming/Palm-muting
Evan Honer,Too Far Gone,https://danielchaveztutorials.com/tabs/too-far-gone,Standard,2nd Fret,F | C | G | Am,Picking/Strumming
Extreme,Riff in Peace  ,https://danielchaveztutorials.com/tabs/riff-in-peace,Half-Step Down,N/A,G | Cadd9 | D/F# | Em7 | B7 ,Finger-picking/Strumming
Flatland Cavalry,Missing You,https://danielchaveztutorials.com/tabs/missing-you,Standard,2nd Fret,Dsus | Em7 | D/F# | G | Bm | A | D,Picking/Strumming
Flatland Cavalry,Place They Call Home (w/The Castellows),https://danielchaveztutorials.com/tabs/place-they-call-home,Standard,1st Fret,C | F | G | Am | C/B,Strumming
Garth Brooks,Ask Me How I Know,https://danielchaveztutorials.com/tabs/ask-me-how-i-know,Drop C#,N/A,Dsus2 | Bm7 | G | Asus4 | Bm | A,Strumming/Palm-muting
Gavin Adcock,Hard Headed Heart,https://danielchaveztutorials.com/tabs/hard-headed-heart,Standard,N/A,C | Em | Am | G | F | C/B,Picking/Strumming
Gavin Adcock,Loose Strings,https://danielchaveztutorials.com/tabs/loose-strings,Standard,1st Fret,G | Cadd9 | Em7 | D/F# | Am | Em | C,Strumming
George Strait,Amarillo By Morning,https://danielchaveztutorials.com/tabs/check-yes-or-no,Standard,N/A,D | F#m | G | A | E | G#m | B7,Strumming
George Strait,Check Yes or No,https://danielchaveztutorials.com/tabs/check-yes-or-no,Standard,3rd Fret,D | A | G | Bm,Strumming
George Strait,One Night At A Time,https://danielchaveztutorials.com/tabs/one-night-at-a-time,Standard,Optional,E | F#m | A | B | Am | G#m,Strumming
Gigi Perez,Sailor Song,https://danielchaveztutorials.com/tabs/sailor-song,Standard,4th Fret,"Cmaj7/G, Em, G",Strumming
Gracie Abrams,That's So True,https://danielchaveztutorials.com/tabs/thats-so-true,Standard,1st Fret,Fmaj7 | Am7| G | C,Strumming
Green Day,Good Riddance (Time of Your Life),https://danielchaveztutorials.com/tabs/good-riddance,Standard,N/A,G | Cadd9 | D | Em | C,Picking/Strumming
Guns and Roses,Civil War - Rise Against Version,https://danielchaveztutorials.com/tabs/civil-war-tim-mcilrath,Standard,4th Fret,Em | G | D/F# | C | Dsus2,Strumming
Haiden,Killed the Kid,https://danielchaveztutorials.com/tabs/killed-the-kid,Standard,4th Fret,G | Am | C | Am7 | G/B | D,Finger-Picking/Slapping/Muted-Strums
Halsey,Ghost  ,https://danielchaveztutorials.com/tabs/ghost,Standard,5th Fret,Em7 | Cadd9 | G | D,Finger-Picking/Slapping/Muted-Strums
Henrik,Turn Out Fine,https://danielchaveztutorials.com/tabs/turn-out-fine,Standard,4th Fret,C | G | Em | D,Strumming/Palm-muting
Hoobastank,The Reason,https://danielchaveztutorials.com/tabs/the-reason,Standard,N/A, E | C#5 | E | C#5 | A5 | B11 | Dsus2,Picking/Strumming
Howie Day,Collide,https://danielchaveztutorials.com/tabs/collide,Standard,4th Fret,G | D/F# | Em7 | Cadd9,Picking/Strumming
Hudson Westbrook,House Again,https://danielchaveztutorials.com/tabs/house-again,Standard,1st Fret,G | Bm | Am | Em | Cm | C | Dadd4,Strumming
Hudson Westbrook,Painted You Pretty,https://danielchaveztutorials.com/tabs/painted-you-pretty,Standard,N/A,A5 | E | B5 | C#5 | F#m | Bsus2/F#,Strumming
Ian Munsick,Me Against the Mountain,https://danielchaveztutorials.com/tabs/me-against-the-mountain,Standard,7th Fret,Am7 | Gadd11 | C | Am7/F,Finger-Picking/Strumming
Jack Johnson,Banana Pancakes,https://danielchaveztutorials.com/tabs/banana-pancakes,Standard,N/A,G | Am7 | D9 | C7 | Bm7 | E5 | E5/Eb | C,Muted-Strumming
Jack Johnson,Upside Down,https://danielchaveztutorials.com/tabs/upside-down,Standard,N/A,E | F#m | A | B | G#m,Muted-Strumming
Jack Van Cleaf,Mazes,https://danielchaveztutorials.com/tabs/mazes,Standard,3rd Fret,Fmaj7 | C | G6 | Am,Finger-picking
Jack Van Cleaf,Rattlesnake,https://danielchaveztutorials.com/tabs/rattlesnake,Standard,4th Fret,A/D | A5 | F#m,Strumming
James Bay,Let it Go  ,https://danielchaveztutorials.com/tabs/let-it-go,Whole Step Down,N/A,Triads,Finger-picking
James Tucker,October,https://danielchaveztutorials.com/tabs/october,Standard,1st Fret,Em7 | Cadd9 | G,Strumming
Jason Isbell,Cover Me Up,https://danielchaveztutorials.com/tabs/cover-me-up,Drop D,1st Fret,Dsus2 | Bm7/A | G | D | Bm | Bm7,Strumming
Jason Isbell,Dress Blues,https://danielchaveztutorials.com/tabs/dress-blues,Standard,N/A,,Strumming
Jason Isbell,If We Were Vampires,https://danielchaveztutorials.com/tabs/if-we-were-vampires,Standard,N/A,Em | Bm | C | G | D,Finger-picking
Jawbreaker,Kiss the Bottle - Tim McIlrath Version,https://danielchaveztutorials.com/tabs/kiss-the-bottle-tim-mcilrath,Half-Step Down,N/A,G | Em7 | Dsus2 | Cadd9 | Em | Asus4 | D/F#,Strumming/Palm-muting
Jelly Roll,I Am Not Okay,https://danielchaveztutorials.com/tabs/i-am-not-okay,Standard,N/A,Em | Dadd4 | C | G,Picking/Strumming
Jelly Roll,Lonely Road,https://danielchaveztutorials.com/tabs/lonely-road,Standard,N/A,G | D | Cadd9 | Em,Picking/Strumming
Jerrod Niemann,"Lover, Lover",https://danielchaveztutorials.com/tabs/lover-lover,Standard,2nd Fret,E | A,Strumming/Palm-muting
Jimmie Allen,Best Shot,https://danielchaveztutorials.com/tabs/best-shot,Standard,4th Fret,Am7 | G | F | C,Picking/Strumming/Palm-muting
Joe Jordan,Deadwood,https://danielchaveztutorials.com/tabs/deadwood,Standard,N/A,Am | C/B | C | F | G | Dm,Picking/Strumming
Joe Jordan,Don't Tell Alley,https://danielchaveztutorials.com/tabs/dont-tell-alley,Standard,N/A,Em7 | G | Cadd9 | B/G | D,Strumming
Joe Jordan,You Deserve Better,https://danielchaveztutorials.com/tabs/you-deserve-better,Standard,6th Fret,Am | G | Fmaj7 | C | C/B | G,Fingerpicking/Strumming
Joey Cape,I Must Be Hateful,https://danielchaveztutorials.com/tabs/i-must-be-hateful,Standard,4th Fret,,Fingerpicking
John Frusciante,The Will to Death,https://danielchaveztutorials.com/tabs/the-will-to-death,Standard,N/A,E | B | F#m | A | C#m,Strumming/Palm-muting/Barre Chords
John Kailian,Tell Me Brother,https://danielchaveztutorials.com/tabs/tell-me-brother,Standard,N/A,C | G | Em | D,Strumming
John Mayer,Heart of Life,https://danielchaveztutorials.com/tabs/heart-of-life,Half-Step Down,N/A,D | Bm | F#m | D/F# | A | G,Finger-picking/Palm-muting/Chucking
John Mayer,In the Blood Cover ,https://danielchaveztutorials.com/tabs/in-the-blood,Standard,1st Fret,G | D/F# | Em7 | C | Dsus2,Strumming
Johnny Cash,Hurt,https://danielchaveztutorials.com/tabs/hurt,Standard,N/A,Am | C | Dsus2 | G | F ,Picking/Strumming
Jon Pardi,Head Over Boots,https://danielchaveztutorials.com/tabs/head-over-boots,Standard,N/A,G | D | Em | C | Cm,Muted-Strumming
Jon Pardi,Missin' You Crazy  ,https://danielchaveztutorials.com/tabs/missin-you-crazy,Standard,N/A,E | A5 | C#5 | B5 | A,Strumming
Jon Pardi,Trash a Hotel Room,https://danielchaveztutorials.com/tabs/trash-a-hotel-room,Standard,N/A,G | Em | C | Dsus2 | B11/E | Cadd9,Muted-Strumming
Jon Pardi,What I Can't Put Down  ,https://danielchaveztutorials.com/tabs/what-i-cant-put-down,Drop D,N/A,Dsus2 | Bm7 | G5 | B5,Strumming
Josh Meloy,Porch Light,https://danielchaveztutorials.com/tabs/porch-light,Standard,1st Fret,F | C | G | Am,Strumming
Joshua Slone,Adeline,https://danielchaveztutorials.com/tabs/adeline-js,Standard,1st Fret,Am7 | Fsus2 | C/G | G6/11 | E7 | Gsus,Strumming
Joshua Slone,Demons,https://danielchaveztutorials.com/tabs/demons,Standard,1st Fret,C | C/B | Am7 | Fsus2 | C/G | G6/11,Picking/Strumming
Joshua Slone,Shark Attack,https://danielchaveztutorials.com/tabs/shark-attack,Standard,2nd Fret,Cmaj7/G | Em(add9) | Asus13 | Dadd4/A,Muted-Strumming
Joshua Slone,To Make You Mine,https://danielchaveztutorials.com/tabs/to-make-you-mine,Standard,4th Fret,C | C/B | Am7 | Fsus2 | C/G | Gsus | G,Picking/Strumming
Joshua Slone,Wanting More,https://danielchaveztutorials.com/tabs/wanting-more,,,,
Joshua Slone,Your Place At My Place,https://danielchaveztutorials.com/tabs/your-place-at-my-place,Standard,1st Fret,Cmaj7/G | Em(add9) | Asus13 | Dadd11,Muted-Strumming
Josiah & The Bonnevilles,Ghost,https://danielchaveztutorials.com/tabs/ghost-josiah,Standard,1st Fret,Em | C/G | G | Dadd4,Strumming
Josiah & The Bonnevilles,Hell Without The Flames,https://danielchaveztutorials.com/tabs/hell-without-the-flames,Half-Step Down,N/A,,Finger-picking
Kade Hoffman,Hungover & Heartbroken,https://danielchaveztutorials.com/tabs/hungover-and-heartbroken,Standard,2nd Fret,C | Am | F | G | A,Finger-picking/Barre Chords
Kade Hoffman,Wanderlust,https://danielchaveztutorials.com/tabs/wanderlust,Standard,3rd Fret,Em7 | Cadd9 | G | G/F#,Picking/Strumming
Kane Brown,Used to Love You Sober  ,https://danielchaveztutorials.com/tabs/used-to-love-you-sober,Standard,1st Fret,Em | Cadd9 | G | D/F# | Dsus2,Finger-picking/Strumming
Keith Urban,"John Cougar, John Deere, John 3:16",https://danielchaveztututorials.com/tabs/john-cougar,Standard,3rd Fret, A | E/G# | F#m | Dsus2 | E | B | Bmaj7/A# | G#m | E5,Finger-picking/Muted-Strumming
Keith Urban,Raise 'em Up  ,https://danielchaveztututorials.com/tabs/raise-em-up,Standard,N/A,E | Cm7 | E5 | A5,Finger-picking/Muted-Strumming
Keith Urban,You'll Think of Me,https://danielchaveztutorials.com/tabs/youll-think-of-me,Standard,2nd Fret,Gmaj7/B | Cmaj7 | G | Dsus2/A | Em | C | Am | D | F | Cadd9,Alternate/Economy Picking
Kellen Smith,Cheatgrass & Clover,https://danielchaveztutorials.com/tabs/cheatgrass-and-clover,Standard,N/A,C | G | D | Am | C/B | Em,Picking/Strumming
Kip Moore,Bittersweet Company,https://danielchaveztutorials.com/tabs/bittersweet-company,Half-Step Down,N/A,C | G | Am | E | F | E7,Finger-picking
Kip Moore,Comeback Kid  ,https://danielchaveztutorials.com/tabs/comeback-kid,Whole Step Down,N/A,Cadd9 | B/G | G | Em7 | Dsus2 | Dadd4,Finger-picking
Kip Moore,Crazy One More Time  ,https://danielchaveztutorials.com/tabs/crazy-one-more-time,Drop D,N/A,Dsus2 | D/F# | G | Asus4 | B/G,Finger-picking
Kip Moore,Dirt Road  ,https://danielchaveztutorials.com/tabs/dirt-road,Half-Step Down,N/A,Am7 | G/C | C | F,Finger-picking
Kip Moore,Guitar Man  ,https://danielchaveztutorials.com/tabs/guitar-man,Standard,8th Fret,   G | G/B | Cadd9 | Em7 | Dsus4,Strumming
Kip Moore,Hang A While  ,https://danielchaveztutorials.com/tabs/hang-awhile,C Standard,2nd Fret,Dsus2 | D/F# | G | Asus4 | A5 (Capo 2nd fret A-e only),Picking/Strumming
Kip Moore,Hey Pretty Girl,https://danielchaveztutorials.com/tabs/hey-pretty-girl,Standard,2nd Fret,Dsus2 | Bm7 | D/F# | Gsus2 | Asus4 (Capo 2nd fret A-e only),Finger-picking
Kip Moore,I'll Let Her  ,https://danielchaveztutorials.com/tabs/ill-let-her,Drop D,N/A,,Finger-picking
Kip Moore,More Girls Like You,https://danielchaveztutorials.com/tabs/more-girls-like-you,Drop D,N/A,,Finger-picking
Kip Moore,Plead the Fifth,https://danielchaveztutorials.com/tabs/plead-the-fifth,Half-Step Down,N/A,C5 | A5 | G5 | F5,Picking
Kip Moore,Separate Ways,https://danielchaveztutorials.com/tabs/separate-ways,Drop C#,N/A,Dsus2 | G | Dadd4/A | Asus2 | A7sus4 |G/B |D/F#,Finger-picking
Kip Moore,The Girl of the Summer,https://danielchaveztutorials.com/tabs/the-girl-of-the-summer,Standard,2nd Fret,Asus4 | G/B | G | Dsus2 | D/F# (Capo 2nd fret A-e only),Finger-picking
Kip Moore,Where You are Tonight  ,https://danielchaveztutorials.com/tabs/where-you-are-tonight,Standard,N/A,   G | G/B | Cadd9 | G/B | D/F#,Picking/Strumming
Kolton Moore,A Place That I Call Home,https://danielchaveztutorials.com/tabs/a-place-that-i-call-home,Standard,3rd Fret,Am | G | F | C | C/B,Picking/Strumming
Lainey Wilson,Out of Oklahoma,https://danielchaveztutorials.com/tabs/out-of-oklahoma,Standard,2nd Fret,G | Cadd9 | Em | G/B,Finger-picking/Strumming
Landon WIlks,Get Over You,https://danielchaveztutorials.com/tabs/get-over-you,Standard,N/A,Triads,Picked
Landon WIlks,Leave Me Be,https://danielchaveztutorials.com/tabs/leave-me-be,Standard,1st Fret,Em | C | G | Em7,Finger-picking
Lifehouse,You and Me  ,https://danielchaveztutorials.com/tabs/you-and-me,Half-Step Down,N/A,G | Cadd9 | Gsus2 | G/B | Em7 | Dsus4 | Asus4,Strumming
Lily Fitts,Buying Time,https://danielchaveztutorials.com/tabs/buying-time,Standard,N/A,Em | C | G | D | Am,Picking/Strumming
Lily Fitts,Lose You Now,https://danielchaveztutorials.com/tabs/lose-you-now,Standard,N/A,Em | G | C | D | Am,Strumming
Lily Fitts,What They Say,https://danielchaveztutorials.com/tabs/what-they-say,Standard,1st Fret,Em | G | C | D | Am | C/B,Picking/Strumming
Logan Halstead,"Dark, Black Coal",https://danielchaveztutorials.com/tabs/dark-black-coal,Standard,N/A,F | C | G | Am,
Luke Combs,Be By You,https://danielchaveztutorials.com/tabs/be-by-you,Drop C#,N/A,Dsus2 | A | G | Em | G/F#,Finger-picking/Strumming
Luke Combs,Beautiful Crazy,https://danielchaveztutorials.com/tabs/beautiful-crazy,Standard,4th Fret,G | D/F# | Em7 | Dadd4 | C | Am7 | C/B,Strumming
Luke Combs,Remember HIm That Way,https://danielchaveztutorials.com/tabs/remember-him-that-way,Standard,4th,G | Em7 | D/F# | Cadd9 | B/G | Am7 | D | Em7/A,Picking/Strumming/Legato
Luke Combs,The Man He Sees in Me,https://danielchaveztutorials.com/tabs/the-man-he-sees-in-me,Half-Step Down,N/A,Dsus2 | G | Em7 | Asus4,Strumming
Luke Combs,When It Rains It Pours,https://danielchaveztutorials.com/tabs/when-it-rains-it-pours,Half-Step Down,N/A,G | Cadd9 | D | Am7,Strumming
Lynyrd Skynyrd,Simple Man,https://danielchaveztutorials.com/tabs/simple-man,Half-Step Down,N/A,C | G | Am,Picking/Strumming
Marc Scibilia,More to This,https://danielchaveztutorials.com/tabs/more-to-this,Standard,3rd Fret,Am | C | G | F | Em,Finger-picking
Marc Scibilia,Piano Man (Billy Joel Cover),https://danielchaveztutorials.com/tabs/piano-man,Standard,4th Fret,C | C/B | Gadd11| F | D7/F# | F/A | G,Finger-picking/Strumming
Marc Scibilia,Rather Be,https://danielchaveztutorials.com/tabs/rather-be,Standard,3rd Fret,Em | Dadd4 | C | G | D/F# | Am7 | Bm,Finger-picking/Strumming
Mariana's Trench,Fallout,https://danielchaveztutorials.com/tabs/fallout,Standard,N/A,C | G | Am | F,Picking/Strumming
Max McNown,A Lot More Free,https://danielchaveztutorials.com/tabs/a-lot-more-free,Standard,1st Fret,C | F | Am | Am7 | G,Strumming
Max McNown,Love Me Back,https://danielchaveztutorials.com/tabs/love-me-back,Standard,N/A,"G, C, Dadd4, Em, Dsus2",Picking/Strumming
Megan Moroney,I'm Not Pretty,https://danielchaveztutorials.com/tabs/im-not-pretty,Standard,3rd Fret,G | Bm | Am | D,Strumming
Michael Marcagi,Scared to Start,https://danielchaveztutorials.com/tabs/scared-to-start,Standard,N/A,"C/G, G, Dadd4/A, Em",Picking/Strumming
Morgan Wallen,Last Night,https://danielchaveztutorials.com/tabs/last-night,Half-Step Down,N/A,Triads,Picking
Mt. Joy,Bathroom Light,https://danielchaveztutorials.com/tabs/bathroom-light,C Standard,N/A,Em | D | C | G | Bm,Finger-picking/Barre Chords
Neil Young,Ohio - Tim McIlrath Version,https://danielchaveztutorials.com/tabs/ohio,Drop D,N/A,Dsus2 | Cadd9 | G | C,Picking/Strumming
NF,HOME,https://danielchaveztutorials.com/tabs/home-v1,Standard,N/A,Gmaj7 | D | Em7 | Bm | A | G,Strumming/Barre Chords
NF,HOME,https://danielchaveztutorials.com/tabs/home-v2,Standard,N/A,Gmaj7 | D | Em7 | Bm | A | G,Strumming/Barre Chords
Nicholas Jamerson,Linda James,https://danielchaveztutorials.com/tabs/linda-james,Standard,2nd Fret,Dsus2/F# | G | D | D/A,Finger-picking/Muted-Strumming
Nirvana,Come As You Are,https://danielchaveztutorials.com/tabs/come-as-you-are,Half-Step Down,N/A,F#m | A | B | D,Picking/Strumming
Nirvana,Smells Like Teen Spirit,https://danielchaveztutorials.com/tabs/smells-like-teen-spirit,Standard,N/A,F5 | Bb5 | G#5 | C#5,Muted-Strumming
Nirvana,The Man Who Sold The World,https://danielchaveztutorials.com/tabs/the-man-who-sold-the-world,Half-Step Down,N/A,A | Dm | F | C | C#,Picking/Strumming
No Use For A Name,For Fiona - Tim McIlrath Version,https://danielchaveztutorials.com/tabs/for-fiona-tim-mcilrath,Half-Step Down,N/A,Power Chords,Strumming
Noah Kahan,All Them Horses,https://danielchaveztutorials.com/tabs/all-them-horses,Standard,N/A,E | C#m | E/A | Amaj7 | B,Finger-picking/Strumming
Noah Kahan,American Cars,https://danielchaveztutorials.com/tabs/american-cars,Open C Tuning (variation),N/A,,Strumming
Noah Kahan,Dan,https://danielchaveztutorials.com/tabs/dan,Standard,N/A,Em | Bm | C | G | D6/F# | Am | D,Finger-picking
Noah Kahan,Dashboard,https://danielchaveztutorials.com/tabs/dashboard,Half-Step Down,N/A,A | C#m | F#m | D | E,Strumming
Noah Kahan,Dial Drunk,https://danielchaveztutorials.com/tabs/dial-drunk,Standard,1st Fret,C/G | G | Em | D,Strumming
Noah Kahan,Downfall,https://danielchaveztutorials.com/tabs/downfall,,,,
Noah Kahan,False Confidence,https://danielchaveztutorials.com/tabs/false-confidence,Standard,6th Fret,Am | C | G | F | C/B | C/G | E | Fmaj7,Finger-picking/Strumming
Noah Kahan,Growing Sideways,https://danielchaveztutorials.com/tabs/growing-sideways,Standard,5th Fret,D/A | F#m | G | A | Bm,Strumming
Noah Kahan,Haircut,https://danielchaveztutorials.com/tabs/haircut,Whole Step Down,N/A,,Strumming
Noah Kahan,Headed North,https://danielchaveztutorials.com/tabs/headed-north,,,,
Noah Kahan,Maine,https://danielchaveztutorials.com/tabs/maine,Standard,2nd Fret,E | Amaj7 | C#m | B,Finger-picking/Strumming
Noah Kahan,Orange Juice,https://danielchaveztutorials.com/tabs/orange-juice,Standard,N/A,A | C#m | F#m | A/D | Dsus2,Finger-picking/Strumming
Noah Kahan,Orbiter,https://danielchaveztutorials.com/tabs/orbiter,,,,
Noah Kahan,Paid Time Off,https://danielchaveztutorials.com/tabs/paid-time-off,Standard,1st Fret,C/G | G | D7 | Em | D,Strumming
Noah Kahan,Porch Light,https://danielchaveztutorials.com/tabs/porch-light-nk,Half-Step Down,N/A,A7sus | Cadd9 | Em7 | Dsus2,Fingerpicking/Strumming
Noah Kahan,Staying Still,https://danielchaveztutorials.com/tabs/staying-still,,,,
Noah Kahan,Stick Season,https://danielchaveztutorials.com/tabs/stick-season,Standard,N/A,A | E | F#m | D,Finger-picking/Strumming
Noah Kahan,The Great Divide,https://danielchaveztutorials.com/tabs/the-great-divide,Half-Step Down,N/A,Am | Gadd11 | C/G | Fmaj7 | D7sus2 | Em,Strumming
Noah RInker,After Dark,https://danielchaveztutorials.com/tabs/after-dark,Standard,N/A,Em7 | D/F# | G | Cadd9 | Dadd4,Strumming
Noah RInker,Hand On My Gun,https://danielchaveztutorials.com/tabs/hand-on-my-gun,Half-Step Down,N/A,G | Cadd9 | Em | D/F# | D | Am7,Picking/Strumming
Noah RInker,I Hope It Hurts,https://danielchaveztutorials.com/tabs/i-hope-it-hurts,Standard,N/A,G | Cadd9 | Em | D/F#,Strumming
Noah RInker,No Friend of Mine,https://danielchaveztutorials.com/tabs/no-friend-of-mine,Standard,6th Fret,G/B | Csus2 | G | G/E,Finger-picking
Noah RInker,Red Bandana,https://danielchaveztutorials.com/tabs/red-bandana,Standard,5th Fret,Am7 | C/B | C | Gadd11 | G,Strumming
Noah RInker,Save My Soul,https://danielchaveztutorials.com/tabs/save-my-soul,Standard,N/A,Am | F | C | G,Picking/Strumming
Nolan Taylor,Wicked Ways,https://danielchaveztutorials.com/tabs/wicked-ways,Standard,N/A,G | B7 | Em | C/G | Am | C/B,Strumming
Old Dominion,Break Up With Him ,https://danielchaveztutorials.com/tabs/break-up-with-him,Half-Step Down,N/A,E | C#5 | A5 | B5,Muted-Strumming
Old Dominion,Song for Another Time,https://danielchaveztutorials.com/tabs/song-for-another-time,Half-Step Down,N/A,    C | G | F | Am | Gsus4,Picking/Strumming
Ole 60,Let You Down,https://danielchaveztutorials.com/tabs/let-you-down-ole-60,Open D Tuning,,D | A(add11) | G(add9) | Bm7 | Bm11,Strumming
Ole 60,Next To You,https://danielchaveztutorials.com/tabs/next-to-you,Drop D,N/A,Em | D5 | D5/G | F#5,Strumming
Ole 60,Thoughts of You,https://danielchaveztutorials.com/tabs/thoughts-of-you,,,,
Ole 60,Walls,https://danielchaveztutorials.com/tabs/walls,Standard,3rd Fret,Em | C | G | D,Strumming
Oliver Anthony,Rich Men North of Richmond,https://danielchaveztutorials.com/tabs/rich-men-north-of-richmond,Half-Step Down,4th Fret,Em | C | G | D,Picking/Strumming
Plain White T's,Hey There Delilah,https://danielchaveztutorials.com/tabs/hey-there-delilah,Standard,,D | F#m | Bm | G | A,Finger-picking
Post Malone,I Had Some Help,https://danielchaveztutorials.com/tabs/i-had-some-help,Standard,2nd Fret,Fsus2 | C | Am7 | G | F | Am,Picking/Strumming
Rascal Flatts,Bless the Broken Road,https://danielchaveztutorials.com/tabs/bless-the-broken-road,Half-Step Down,N/A,C | Am7 | F | G | Am | Dm,Picking/Strumming
Red Hot Chili Peppers,Under the Bridge,https://danielchaveztutorials.com/tabs/under-the-bridge,Standard,N/A,D | F# | E | B | C#m | G#m | A | Emaj7,Picking/Strumming/Barre Chords/Legato
Rehab,Bartender Song (I'm Sittin' at a Bar),https://danielchaveztutorials.com/tabs/bartender-song,Standard,N/A,E | G#m | A | B,Strumming
Riley Green,Christmas To Me,https://danielchaveztutorials.com/tabs/christmas-to-me,Drop C#,N/A,Dsus2 | G | G/F# | Em | A,Picking/Strumming
Riley Green,Cowboy In Me (Tim McGraw Cover),https://danielchaveztutorials.com/tabs/cowboy-in-me,Standard,4th Fret,G | Cadd9 | D | G/F#,Picking/Strumming
Riley Green,Don't Mind If I Do,https://danielchaveztutorials.com/tabs/dont-mind-if-i-do,Drop D,3rd Fret,D | G | Em7 |D/F# | A,Picking/Strumming
Riley Green,Ol' Stray Dog,https://danielchaveztutorials.com/tabs/ol-stray-dog,Standard,1st,C | B/G | Am | F | G | B/G | Fmaj7 | Am7,Picking
Riley Green,Worst Way,https://danielchaveztutorials.com/tabs/worst-way,Half-Step Down,N/A,Am | F | C | G,Picking/Strumming
Rise Against,Anywhere But Here,https://danielchaveztutorials.com/tabs/anywhere-but-here,Half-Step Down,N/A,F | Bb | C | Dsus2 | B5,Strumming
Rise Against,Audience of One,https://danielchaveztutorials.com/tabs/audience-of-one,Half-Step Down,N/A,Dsus2 | Asus4 | B5 | G | D5 | A,Picking/Strumming
Rise Against,Everchanging,https://danielchaveztutorials.com/tabs/everchanging,Half-Step Down,N/A,G | Gadd11 | C | F | Am,Muted-Strumming
Rise Against,Faint Resemblance,https://danielchaveztutorials.com/tabs/faint-resemblance,Half-Step Down,N/A,Am | C | F | G | C5 | F5 | G5,Strumming
Rise Against,Forfeit,https://danielchaveztutorials.com/tabs/forfeit,Half-Step Down,N/A,Dm | F | C | G | Bb,Picking/Strumming
Rise Against,Hero of War,https://danielchaveztutorials.com/tabs/hero-of-war,Half-Step Down,N/A,F | Am | Bb5 | C | D5 | Fsus2 | Am7,Picking/Strumming
Rise Against,House on Fire (Ghost Note Symphonies),https://danielchaveztutorials.com/tabs/house-on-fire-gns,Standard,6th Fret,Am | G | C | F | Dsus2 | A7sus4,Muted-Strumming
Rise Against,I Don't Want to be Here Anymore,https://danielchaveztutorials.com/tabs/i-dont-want-to-be-here-anymore,Half-Step Down,4th Fret,G | Bb5 | F | Eb5 | C5 | D5 | G5,Picking/Muted-Strumming/Power Chords
Rise Against,Life Less Frightening Acoustic,https://danielchaveztutorials.com/tabs/life-less-frightening,Standard,N/A,Am | F | G | Em | C | Dm | E,Picking/Strumming/Power Chords
Rise Against,Like the Angel (Ghost Note Symphonies),https://danielchaveztutorials.com/tabs/like-the-angel-gns,Half-Step Down,N/A,Am | C | G | F,Strumming/Power Chords
Rise Against,Like the Angel Acoustic  ,https://danielchaveztutorials.com/tabs/like-the-angel,Half-Step Down,N/A,D5 | A | D5 | B5 | A5 | G | Asus2,Strumming/Power Chords
Rise Against,Miracle (Ghost Note Symphonies),https://danielchaveztutorials.com/tabs/miracle-gns,Half-Step Down,N/A,Am | G | C | F | Dm | Dsus2 | Em,Strumming/Power Chords
Rise Against,Mourning in Amerika,https://danielchaveztutorials.com/tabs/mourning-in-amerika,Half-Step Down,N/A,D | G | A | Bm | Em | F#5 | G5 | A5 | B5,Picking/Muted-Strumming
Rise Against,People Live Here,https://danielchaveztutorials.com/tabs/people-live-here,Half-Step Down,N/A,Am | F | C | G | Dsus2,Picking/Strumming
Rise Against,Prayer of the Refugee - Revival Version,https://danielchaveztutorials.com/tabs/prayer-of-the-refugee,Half-Step Down,2nd Fret,Em | C | D | A  | Dsus2 | Am | C/G | F | Em7 | G | Cadd9,Picking/Strumming
Rise Against,Ready to Fall (Acoustic),https://danielchaveztutorials.com/tabs/ready-to-fall,Half-Step Down,N/A,Dsus2/A | G | Bb5 | C | Csus2,Muted-Strumming
Rise Against,Roadside,https://danielchaveztutorials.com/tabs/roadside,Half-Step Down,N/A,D | C | Am | Bb,Picking/Strumming
Rise Against,Savior (Ghost Note Symphonies),https://danielchaveztutorials.com/tabs/savior-gns,Half-Step Down,2nd Fret,Am | C | F | G/B | G | Em,Picking/Muted-Strumming
Rise Against,Sudden Life  ,https://danielchaveztutorials.com/tabs/sudden-life,Half-Step Down,N/A,Dsus2 | Asus4 | C | G | C5 | G5 | Dadd4 | F | Bb5,Picking/Strumming
Rise Against,Swing Life Away,https://danielchaveztutorials.com/tabs/swing-life-away,Half-Step Down,N/A,E5 | G5 | C5 | Dadd4 | Dsus | Cadd9,Finger-picking/Strumming
Rise Against,The Violence,https://danielchaveztutorials.com/tabs/the-violence-gns,Half-Step Down,N/A,G | Asus2 | B5 | D5 | Dsus2 | A5,Picking/Strumming/Power Chords
Rise Against,Tragedy + Time,https://danielchaveztutorials.com/tabs/tragedy-plus-time,Half-Step Down,N/A,Em | B5 | A5 | C#5,Picking/Muted-Strumming/Power Chords
Rise Against,Wait for Me (Ghost Note Symphonies),https://danielchaveztutorials.com/tabs/wait-for-me-gns,Half-Step Down,3rd Fret,Am | C | F | G,Picking/Strumming
Rob Thomas,Little Wonders,https://danielchaveztutorials.com/tabs/little-wonders,Standard,N/A,G | D | Am | Cmaj7,Picking/Strumming
Sam Barber,Ain't Dead Yet,https://danielchaveztutorials.com/tabs/aint-dead-yet,Drop D,4th,Em | G | Dsus2 | A,Finger-picking/Strumming
Sam Barber,All For You,https://danielchaveztutorials.com/tabs/all-for-you,Half-Step Down,N/A,Cmaj7/G | E5 | D5 | Em | C/G | G | G/F#,Strumming
Sam Barber,All That I Have,https://danielchaveztutorials.com/tabs/all-that-i-have,Half-Step Down,N/A,E | A | B | C#m,Picking/Strumming
Sam Barber,As Time Passes,https://danielchaveztutorials.com/tabs/as-time-passes,Standard,4th Fret,G | D | A | Bm,Picking/Strumming
Sam Barber,Bet On My Ghost,https://danielchaveztutorials.com/tabs/bet-on-my-ghost,Standard,Optional,"Power Chords | Capo'd Version: Em, G, Dsus2, C",Finger-picking/Strumming
Sam Barber,Better Than The Floor,https://danielchaveztutorials.com/tabs/better-than-the-floor,Half-Step Down,N/A,G | D | Em | C | Dadd4,Picking/Strumming
Sam Barber,Better Year,https://danielchaveztutorials.com/tabs/better-year,Standard,N/A,C#5 | A5 | E5 | B5,Strumming
Sam Barber,Borrowed Time,https://danielchaveztutorials.com/tabs/borrowed-time,Standard,N/A,C/G | Em | Dadd4/A | G,Strumming
Sam Barber,Broken View,https://danielchaveztutorials.com/tabs/broken-view,Standard,N/A,C#5 | B5 | A5 | E,Strumming
Sam Barber,Burn Me (w/Jonah Kagen),https://danielchaveztutorials.com/tabs/burn-me,Standard,N/A,G | Am | Em | C | D/F#,Finger-picking/Strumming
Sam Barber,But We Don't Talk About It (Unreleased),https://danielchaveztutorials.com/tabs/but-we-dont-talk-about-it,,,,
Sam Barber,"Cold, Dark Place",https://danielchaveztutorials.com/tabs/cold-dark-place,Standard,1st Fret,Am | C | G,Picking/Strumming
Sam Barber,County You Were Raised In (Unreleased),https://danielchaveztutorials.com/tabs/county-you-were-raised-in,,,,
Sam Barber,Different Kind of Pain,https://danielchaveztutorials.com/tabs/different-kind-of-pain,Standard,2nd Fret,Em | C | G | D/F# | E5 | C5 | G5 | G5/F#,Picking/Muted-Strumming
Sam Barber,Down The Road,https://danielchaveztutorials.com/tabs/down-the-road,Standard,1st Fret,F | C | G | Am,
Sam Barber,Drowning,https://danielchaveztutorials.com/tabs/drowning,Standard,3rd Fret,E | A | C#m | B | E7 | G#,Muted-Strumming
Sam Barber,Due Time,https://danielchaveztutorials.com/tabs/due-time,Standard,1st Fret,C | F | Am | G,Picking/Strumming
Sam Barber,Dust and Smoke,https://danielchaveztutorials.com/tabs/dust-and-smoke,Standard,1st Fret,Em | G | C/G | C | Dadd4,Finger-picking/Strumming
Sam Barber,Evil Place,https://danielchaveztutorials.com/tabs/evil-place,Standard,2nd Fret,Am | G | F | C,Picking/Strumming
Sam Barber,Far Past,https://danielchaveztutorials.com/tabs/far-past,C# Standard,N/A,C#5 | B5 | A5 | E,Strumming
Sam Barber,Fear In God (feat. Avery Anna),https://danielchaveztutorials.com/tabs/fear-in-god,Whole Step Down,N/A,Bm | A | G | Em,Picking/Strumming
Sam Barber,Gambler,https://danielchaveztutorials.com/tabs/gambler,Standard,N/A,Em | G | D | Am | C,Picking/Strumming
Sam Barber,Ghost Town,https://danielchaveztutorials.com/tabs/ghost-town,Standard,6th Fret,A5 | A5/F#,Strumming
Sam Barber,Hate It Here,https://danielchaveztutorials.com/tabs/hate-it-here,Standard,2nd Fret,Dadd11/A | C/G | Em | Am,Strumming
Sam Barber,Hopeless Son,https://danielchaveztutorials.com/tabs/hopeless-son,Standard,1st Fret,Cmaj7/G | Em | Asus13 | Em/B,Strumming
Sam Barber,Indigo,https://danielchaveztutorials.com/tabs/indigo,Standard,N/A,C/G | Dadd4/A | Em,Picking/Strumming
Sam Barber,Let Me Down,https://danielchaveztutorials.com/tabs/let-me-down,Standard,1st Fret,F | Am | C/G,Picking/Muted-Strumming
Sam Barber,Lighthouse,https://danielchaveztutorials.com/tabs/lighthouse,Open D,N/A,,Picking/Strumming
Sam Barber,Man of the Year,https://danielchaveztutorials.com/tabs/man-of-the-year,Standard,3rd Fret,Em | G | C/G | C/B | Am,Strumming
Sam Barber,Man You Raised (Unreleased),https://danielchaveztutorials.com/tabs/man-you-raised,Standard,1st Fret,C | D | D | Em,Picking/Strumming
Sam Barber,Morning Time,https://danielchaveztutorials.com/tabs/morning-time,Standard,3rd Fret,Bm | A | D | G,Fingerpicking/Muted-Strumming
Sam Barber,Music For The Soul,https://danielchaveztutorials.com/tabs/music-for-the-soul,Standard,3rd Fret,C#m | A | E | C#5 | B5 | A5,Finger-picking/Strumming
Sam Barber,Nowhere Fast,https://danielchaveztutorials.com/tabs/nowhere-fast-sb,Standard,,,
Sam Barber,Restless Mind,https://danielchaveztutorials.com/tabs/restless-mind,Standard,3rd Fret,Triad Shapes,Fingerpicking
Sam Barber,Run,https://danielchaveztutorials.com/tabs/run,Standard,3rd Fret,Em | C/G | G | D | G/F# | C,Picking/Strumming
Sam Barber,Run Away High,https://danielchaveztutorials.com/tabs/run-away-high,,,,
Sam Barber,S.O.B.,https://danielchaveztutorials.com/tabs/sob,Standard,2nd Fret,Em | C | G,Strumming
Sam Barber,Same Sad Shit,https://danielchaveztutorials.com/tabs/same-sad-shit,Half-Step Down,N/A,Aadd9 | Badd11 | E | C#5 | B5,Picking/Strumming
Sam Barber,Satellite,https://danielchaveztutorials.com/tabs/satellite,Standard,1st Fret,G | Dadd11/A | Em | C/G,Strumming
Sam Barber,Scared to Die (Unreleased),https://danielchaveztutorials.com/tabs/scared-to-die,Standard,3rd Fret,C/G | G | D | Em | Em7,Picking/Strumming
Sam Barber,Stay the Night,https://danielchaveztutorials.com/tabs/stay-the-night,Standard,N/A,A5 | B5 | C#5 | E | E5,Picking/Strumming
Sam Barber,Stopped in Hell,https://danielchaveztutorials.com/tabs/stopped-in-hell,Standard,3rd Fret,A5 | B5 | C#5 | E,Strumming
Sam Barber,Straight and Narrow,https://danielchaveztutorials.com/tabs/straight-and-narrow,Standard,4th Fret,Em7 | Cadd9 | G | D/F#,Picking/Strumming/Palm-muting
Sam Barber,Streetlight,https://danielchaveztutorials.com/tabs/streetlight,Standard,2nd Fret,C#5 | A5 | E | B5,Finger-picking/Strumming
Sam Barber,Tear Us Apart,https://danielchaveztutorials.com/tabs/tear-us-apart,Standard,N/A,C | Em | G | D,Picking/Strumming
Sam Barber,The More I Hope,https://danielchaveztutorials.com/tabs/the-more-i-hope,Half-Step Down,5th Fret,Bm | A | D | G,Picking/Strumming
Sam Barber,Thought of You,https://danielchaveztutorials.com/tabs/thought-of-you,Standard,3rd Fret,Em | G | C | D,Strumming/Palm-muting
Sam Barber,V,https://danielchaveztutorials.com/tabs/v,Drop D,N/A,Triad Shapes,Finger-picking
Sam Barber,War,https://danielchaveztutorials.com/tabs/war,Standard,1st Fret,E/A | E | F#m,Picking/Strumming
Sam Barber,Will You Be There,https://danielchaveztutorials.com/tabs/will-you-be-there,Standard,1st Fret,Am | F | C | G,Picking/Strumming
Sam Barber,You Know I Know,https://danielchaveztutorials.com/tabs/you-know-i-know,Standard,2nd Fret,F | G | Am,Picking/Strumming
Sam Hart,Mario Kart Love Song,https://danielchaveztutorials.com/tabs/mario-kart-love-song,Standard,3rd Fret,C/G | Gadd11 | Am | F,Finger-picking
Sam Hunt,Bottle it Up  ,https://danielchaveztutorials.com/tabs/bottle-it-up,Standard,N/A,E | A5 | C#5 | B5,Muted-Strumming
Sam Hunt,Come Over,https://danielchaveztutorials.com/tabs/come-over,Standard,N/A,Bm | G | Dsus2 | A,Finger-picking
Sam Hunt,Cop Car,https://danielchaveztutorials.com/tabs/cop-car-sam-hunt,Standard,4th Fret,Cadd9 | G | Dsus,Strumming
Sam Hunt,Goodbye,https://danielchaveztutorials.com/tabs/goodbye,Half-Step Down,N/A,Em7 | Cadd9 | G | Dsus4,Muted-Strumming
Sam Hunt,Make You Miss Me,https://danielchaveztutorials.com/tabs/make-you-miss-me,Standard,N/A,Em7 | Cadd9 | Dsus4,Strumming
Slipknot,Snuff (Acoustic),https://danielchaveztutorials.com/tabs/corey-taylor,C# Standard,N/A,Am | Em | F | G,Strumming
Stone Sour,Tired,https://danielchaveztutorials.com/tabs/tired,Half-Step Down,N/A,Em | Dsus2 | Cadd9,Strumming
Stumfol,Prisoner,https://danielchaveztutorials.com/tabs/prisoner,Standard,4th Fret,Am | F | C | G,Finger-picking
Tai Verdes,DRUGS,https://danielchaveztutorials.com/tabs/drugs,Standard,N/A,Bbm7 | Fm7 | C# | G#,Finger-picking/Strumming
Tanner Usrey,Beautiful Lies (feat. Ella Langley),https://danielchaveztutorials.com/tabs/beautiful-lies,Standard,5th Fret,G | Cadd9 | Em | D,Strumming
Tanner Usrey,If You Call Me Again,https://danielchaveztutorials.com/tabs/if-you-call-me-again,Standard,N/A,A | Asus6 | Cadd9 | E | C#m7 | Cm7 |Bm7,Strumming
Tanner Usrey,Take Me Home,https://danielchaveztutorials.com/tabs/take-me-home,Standard,N/A,G | D | Cadd9 | G/E | D/F#,Strumming
Taylor Swift,Everything has Changed  ,https://danielchaveztutorials.com/tabs/everything-has-changed,Standard,Options,Capo 2nd: E | C#m7 | A | B | F#m || Capo 6th: C | Am7 | F | G | Dm,Strumming
The Castellows,Place They Call Home (feat. Flatland Cavalry),https://danielchaveztutorials.com/tabs/place-they-call-home,Standard,1st Fret,C | F | G | Am | C/B,Strumming
The Castellows,Sober Sundays (feat. Wyatt Flores),https://danielchaveztutorials.com/tabs/sober-sundays,Standard,3rd Fret,C | Am | G | F | Dm | Cmaj7 | G7 | Em,Picking/Strumming
The Dreggs,Keepsake,https://danielchaveztutorials.com/tabs/keepsake,Standard,2nd Fret,G | Dadd4 | C | Em | Cadd9 | D/F# | Em7,Picking/Strumming
The Lumineers,Gale Song,https://danielchaveztutorials.com/tabs/gale-song,Standard,N/A,C | F | Am | G,Picking/Strumming/Legato
The Red Clay Strays,Wanna Be Loved,https://danielchaveztutorials.com/tabs/wanna-be-loved,Standard,1st Fret,Em | D | G | Am | C | C/B,Strumming
The Red Clay Strays,Wondering Why,https://danielchaveztutorials.com/tabs/wondering-why,Standard,N/A,E | F#m | A | B | B7 | Gm | G#m,Strumming/Barre Chords
The Shins,New Slang,https://danielchaveztutorials.com/tabs/new-slang,Standard,N/A,Am | C | F | G | C/B,Picking/Strumming
Tim McGraw,Humble and Kind,https://danielchaveztutorials.com/tabs/humble-and-kind,Standard,4th Fret,G | Em7 | C,Strumming/Legato
Tim McGraw,Just To See You Smile,https://danielchaveztutorials.com/tabs/just-to-see-you-smile,Half-Step Down,N/A,G | D/F# | Em7 | Dsus4 | Cadd9 | D | Am | Asus4 | G/B,Picking/Strumming
Tim McIlrath,It's Late Cover ,https://danielchaveztutorials.com/tabs/its-late,Half-Step Down,5th Fret,A | E | Dsus,Finger-picking/Strumming
Tim McIlrath,Restless World,https://danielchaveztutorials.com/tabs/restless-world,Half-Step Down,2nd Fret,Em | G | C | D | Dsus | Csus2,Picking/Strumming/Legato
Tim McIlrath,What Are We Gonna Do (feat. EmilPiano),https://danielchaveztutorials.com/tabs/what-are-we-gonna-do,Drop C#,N/A,Dsus2 | F | C | G | B5,Picking/Muted-Strumming
Tommy McCrone,Scars,https://danielchaveztutorials.com/tabs/scars,Standard,1st Fret,Em | C/G | Dadd11/A | G,Strumming
Treaty Oak Revival,Missed Call,https://danielchaveztutorials.com/tabs/missed-call,Standard,Optional,A | Bm7 | Dmaj7 or G | Am7 | Cmaj7 | C/B,Picking/Strumming
Tupac Shakur,Thugz Mansion,https://danielchaveztutorials.com/tabs/thugz-mansion,Standard,1st Fret,G | Bm7 | Am7 | Cmaj7 | F7/C,Finger-picking/Strumming
Turnpike Troubadours,Diamonds & Gasoline,https://danielchaveztutorials.com/tabs/diamonds-and-gasoline,Standard,N/A,C | C/B | Am7 | Am | Fadd9 | Fmaj7 | G,Finger-picking
Turnpike Troubadours,Good Lord Lorrie,https://danielchaveztutorials.com/tabs/good-lord-lorrie,Standard,N/A,G | Em | C | C/B | Am,Strumming
Turnpike Troubadours,Heaven Passing Through,https://danielchaveztutorials.com/tabs/heaven-passing-through,Standard,N/A,Am | F | C | G | Em,Finger-picking/Strumming
Ty Myers,But Me,https://danielchaveztutorials.com/tabs/but-me,Standard,4th Fret,C | Am | Dm | G,Fingerpicking/Strumming
Ty Myers,Thought It Was Love,https://danielchaveztutorials.com/tabs/thought-it-was-love,Standard,N/A,F#m | Bmaj7 | E7 | A | F#m | B,Picking/Strumming
Ty Myers,Tie That Binds,https://danielchaveztutorials.com/tabs/tie-that-binds,Standard,2nd Fret,G | F | C | Am | D,Picking/Strumming/Legato
Tyler Childers,All You'rn,https://danielchaveztutorials.com/tabs/all-yourn,Standard,N/A,C | Dm | F | Em | Fmaj7,Picking/Strumming/Legato
Tyler Childers,Feathered Indians,https://danielchaveztutorials.com/tabs/feathered-indians,Standard,5th Fret,D | A | G | Bm,Picking/Strumming/Legato
Tyler Childers,Follow You to Virgie,https://danielchaveztutorials.com/tabs/follow-you-to-virgie,Standard,4th Fret,G | C | Dsus2 | D7,Picking/Strumming/Legato
Tyler Childers,Jersey Giant (Evan Honer feat. Julia DiGrazia),https://danielchaveztutorials.com/tabs/jersey-giant-evan-honer,Standard,1st Fret,G | D | Am | C,Picking/Strumming/Palm-muting
Tyler Childers,Lady May,https://danielchaveztutorials.com/tabs/lady-may,Standard,3rd Fret,C | Fmaj7 | Am | C/B,Picking/Strumming/Legato
Tyler Childers,Nose on the Grindstone,https://danielchaveztutorials.com/tabs/nose-on-the-grindstone,Standard,3rd Fret,Dm | Fmaj7 | C | G,Picking/Strumming/Legato
Tyler Childers,Shake the Frost,https://danielchaveztutorials.com/tabs/shake-the-frost,Standard,2nd Fret,G | Fmaj7 | C | Am | C/B | F,Picking/Strumming/Legato
Vertical Horizon,Everything You Want,https://danielchaveztutorials.com/tabs/everything-you-want,Half-Step Down,N/A,Am | Em | G | Cadd9 | Am7 | Em7 | Dsus4,Strumming
Vincent Mason,Can't Just Be Me,https://danielchaveztutorials.com/tabs/cant-just-be-me,Standard,4th Fret,G | Em7 | D | Cadd9 | Am7 | C/B,Strumming
Vincent Mason,Really Don't Love Me,https://danielchaveztutorials.com/tabs/really-dont-love-me,Standard,N/A,F | C | Am | G,Strumming
Vincent Mason,The Breakdown,https://danielchaveztutorials.com/tabs/the-breakdown,Half-Step Down,N/A,Am | F | G | C | E,Picking/Muted-Strumming/Barre Chords
Waylon Wyatt,Arkansas Diamond,https://danielchaveztutorials.com/tabs/arkansas-diamond,Standard,2nd Fret,Am | F | C | G,Strumming
Waylon Wyatt,Back to Then,https://danielchaveztutorials.com/tabs/back-to-then,Standard,1st Fret,C | G | F | Am,Strumming
Waylon Wyatt,Everything Under the Sun,https://danielchaveztutorials.com/tabs/everything-under-the-sun,Standard,1st,Em | G | C | D | Dsus4,Strumming
Waylon Wyatt,I'd Be Delighted,https://danielchaveztutorials.com/tabs/id-be-delighted,Standard,N/A,A | E | F#m | D | Dsus,Strumming
Waylon Wyatt,Jailbreak (feat. Bayker Blankenship),https://danielchaveztutorials.com/tabs/jailbreak,Standard,3rd Fret,Em | G | D | Cadd9,Strumming/Legato
Waylon Wyatt,Leave It Alone,https://danielchaveztutorials.com/tabs/leave-it-alone,Standard,2nd Fret,G5 | C | Em | G,Strumming
Waylon Wyatt,OD,https://danielchaveztutorials.com/tabs/od,Standard,5th Fret,Am | C | F | G,Strumming
Waylon Wyatt,Out Of The Blue,https://danielchaveztutorials.com/tabs/out-of-the-blue,Standard,3rd Fret,C | Am | F | G,Strumming
Waylon Wyatt,Phoning Heaven,https://danielchaveztutorials.com/tabs/phoning-heaven,Standard,3rd Fret,C | G | Am | F,Picking/Strumming
Waylon Wyatt,Riches to Rags,https://danielchaveztutorials.com/tabs/riches-to-rags,Standard,N/A,Em | C | G | D | Cmaj7,Strumming
Waylon Wyatt,Smoke and Embers (feat. Willow Avalon),https://danielchaveztutorials.com/tabs/smoke-and-embers,Standard,N/A,Em | C | G | D | Am | Cm,Strumming
Waylon Wyatt,Stranger to Me,https://danielchaveztutorials.com/tabs/stranger-to-me,Standard,3rd Fret,G | D | Em | C | Dsus,Strumming
Waylon Wyatt,Your Whereabouts,https://danielchaveztutorials.com/tabs/your-whereabouts,Standard,N/A,A | E | F#m | D | Dsus,Strumming
William Michael Morgan,I Met A Girl ,https://danielchaveztutorials.com/tabs/i-met-a-girl,Standard,N/A,D | Bm7 | G | Em7 | Bm | A,Picking/Strumming
Wyatt Flores,3/13,https://danielchaveztutorials.com/tabs/3-13,Standard,1st Fret,Bm | G | D | A,Picking/Strumming
Wyatt Flores,Astronaut,https://danielchaveztutorials.com/tabs/astronaut,Standard,3rd Fret,G | Am7 | Em | C | F,Finger-picking/Strumming
Wyatt Flores,Break My Bones,https://danielchaveztutorials.com/tabs/break-my-bones,Standard,N/A,Am | F | C | G,Picking/Strumming
Wyatt Flores,Burning Bridges,https://danielchaveztutorials.com/tabs/burning-bridges,Standard,1st Fret,Am | Fmaj7 | Dm | G6 | F | G | E7,Picking/Strumming/Legato
Wyatt Flores,Don't Wanna Say Goodnight,https://danielchaveztutorials.com/tabs/dont-wanna-say-goodnight,Standard,1st Fret,Am | C | F | G,Picking/Strumming
Wyatt Flores,Forget Your Voice,https://danielchaveztutorials.com/tabs/forget-your-voice,Standard,3rd Fret,Em | G | B7 | C | Dadd4 | D | Am,Strumming
Wyatt Flores,Holes,https://danielchaveztutorials.com/tabs/holes,Standard,3rd Fret,C | F | G | Am | C/B,Finger-picking
Wyatt Flores,How to Save a Life,https://danielchaveztutorials.com/tabs/how-to-save-a-life,Standard,2nd Fret,G | D/F# | Em7 | Dsus,Picking/Strumming
Wyatt Flores,If I Don't See You Again,https://danielchaveztutorials.com/tabs/if-i-dont-see-you-again,Standard,N/A,Em | C | G | D | Am7 | C/B | D7 | Dadd4 | G7,Picking/Strumming/Legato
Wyatt Flores,Little Town,https://danielchaveztutorials.com/tabs/little-town,Standard,4th Fret,G | G/F# | Em7 | D | Cadd9 | C | Dadd4 | Am | C/B,Strumming
Wyatt Flores,Losing Sleep,https://danielchaveztutorials.com/tabs/losing-sleep,Standard,N/A,Bm | A | Em | G | D,Picking/Strumming
Wyatt Flores,Milwaukee,https://danielchaveztutorials.com/tabs/milwaukee,Standard,1st Fret,Am | C | F | G,Picking/Strumming
Wyatt Flores,Never Made It Home,https://danielchaveztutorials.com/tabs/never-made-it-home,Half-Step Down,N/A,A | E | F#m | C#m | D,Strumming
Wyatt Flores,Oh Susannah,https://danielchaveztutorials.com/tabs/oh-susannah,Standard,2nd Fret,Em | D | G | Gmaj7/F# | C | C/G | Am | B7 | Dadd4,Strumming/Palm-Muting
Wyatt Flores,Orange Bottles,https://danielchaveztutorials.com/tabs/orange-bottles,Standard,N/A,C | F | Am7 | G,Finger-picking/Strumming
Wyatt Flores,Please Don't Go,https://danielchaveztutorials.com/tabs/please-dont-go,Standard,2nd Fret,Em | G | Am | C | D | Dsus4,Picking/Legato
Wyatt Flores,Running Out Of Time,https://danielchaveztutorials.com/tabs/running-out-of-time,Standard,N/A,Em | G | D | Cadd9,Picking/Strumming/Legato
Wyatt Flores,Welcome to the Plains,https://danielchaveztutorials.com/tabs/welcome-to-the-plains,Standard,N/A,Em | D | G | |D/F# | Cadd9 | C | Dadd4 | G/B | Am | B7 | A/C#,Picking/Muted-Strumming
Wyatt Flores,West of Tulsa,https://danielchaveztutorials.com/tabs/west-of-tulsa,Standard,N/A,Em | D | G | Cadd9 | C | D5,Strumming
Wyatt Flores,When I Die,https://danielchaveztutorials.com/tabs/when-i-die,Standard,2nd Fret,C | Fsus2 | G | F | Am,Picking/Strumming
Wyatt Flores,Wish I Could Stay,https://danielchaveztutorials.com/tabs/wish-i-could-stay,Standard,1st Fret,C | F | G | C7 | F#m | Cmaj7/B | Am,Strumming
Wyatt Flores,Write in Stone,https://danielchaveztutorials.com/tabs/write-in-stone,Standard,N/A,C | Am7 | Fmaj7 | Dm | G | Am,Strumming/Legato
Zach Bryan,28,https://danielchaveztutorials.com/tabs/28,Standard,N/A,Em | D | G | C,Picking/Strumming
Zach Bryan,68 Fastback,https://danielchaveztutorials.com/tabs/68-fastback,Standard,N/A,C | G | Em | D,Strumming
Zach Bryan,A Boy Like You,https://danielchaveztutorials.com/tabs/a-boy-like-you,Standard,1st Fret,C5/G | G | Am | F,Strumming
Zach Bryan,Aeroplane (Acoustic),https://danielchaveztutorials.com/tabs/aeroplane-acoustic,Standard,N/A,C/G | G | D | Em,Finger-picking/Strumming
Zach Bryan,All Good Things Past (Acoustic),https://danielchaveztutorials.com/tabs/all-good-things-past-acoustic,Standard,3rd Fret,C/G | Fsus2 | G | F | Am,Strumming
Zach Bryan,Always Willin' (Acoustic),https://danielchaveztutorials.com/tabs/always-willin-acoustic,Whole Step Down,N/A,,Strumming
Zach Bryan,Anyways,https://danielchaveztutorials.com/tabs/anyways,Standard,N/A,F | C | Am | G,Strumming
Zach Bryan,Appetite,https://danielchaveztutorials.com/tabs/appetite,Standard,N/A,Cmaj7/G | Em | Asus13 | Em/B | C | Am | C/B | G,Picking/Strumming
Zach Bryan,Appetite (Acoustic),https://danielchaveztutorials.com/tabs/appetite-acoustic,Standard,N/A,Cmaj7/G | Em | Asus13 | Em/B | C | Am | C/B | G,Picking/Strumming
Zach Bryan,Bad News,https://danielchaveztutorials.com/tabs/bad-news,Standard,4th Fret,F | Am | G,Strumming
Zach Bryan,Better Days,https://danielchaveztutorials.com/tabs/better-days,Standard,N/A,E5/B | G#5/Eb | A5 | C#5 | B5 | E | D5,Strumming
Zach Bryan,Better Friends,https://danielchaveztutorials.com/tabs/better-friends,,,,
Zach Bryan,Boons,https://danielchaveztutorials.com/tabs/boons,Standard,5th Fret,G | C | D | Em | C5,Finger-picking/Strumming
Zach Bryan,Bowery (feat. Kings of Leon),https://danielchaveztutorials.com/tabs/bowery,Standard,2nd Fret,F | C | G | Am,Strumming
Zach Bryan,Breakfast In Bed,https://danielchaveztutorials.com/tabs/breakfast-in-bed,Standard,N/A,G | Em | D | Am | C,Picking/Strumming
Zach Bryan,"Burn, Burn, Burn",https://danielchaveztutorials.com/tabs/burn-burn-burn,Standard,3rd Fret,C/G | Am | C/B | F,Strumming
Zach Bryan,Camper (Acoustic),https://danielchaveztutorials.com/tabs/camper-acoustic,Standard,N/A,Am | C/B | C | F | G,Strumming
Zach Bryan,Cannonball (Acoustic),https://danielchaveztutorials.com/tabs/cannonball-acoustic,Standard,3rd Fret,G | Cmaj7/G | Em7 | Dsus2,Strumming
Zach Bryan,Codeine Pills,https://danielchaveztutorials.com/tabs/codeine-pills,Standard,2nd Fret,C#5/G# | B5|F# | Asus2 | E,Strumming
Zach Bryan,Condemned,https://danielchaveztutorials.com/tabs/condemned,Standard,1st Fret,A5 | E | B5 | C#5,Strumming
Zach Bryan,Crooked Teeth,https://danielchaveztutorials.com/tabs/crooked-teeth,Standard,3rd Fret,Am | C/B | C | G,Finger-picking/Strumming
Zach Bryan,Dawns,https://danielchaveztutorials.com/tabs/dawns,Standard,N/A,F | Am | G | C,Strumming
Zach Bryan,DeAnn's Denim (Acoustic),https://danielchaveztutorials.com/tabs/deanns-denim-acoustic,Standard,N/A,C | Fsus2 | Am7 | Gadd11,Finger-picking/Strumming
Zach Bryan,Dry Deserts (Acoustic),https://danielchaveztutorials.com/tabs/dry-deserts-acoustic,Standard,2nd Fret,C5/G | G | Em | D5/A | D,Strumming
Zach Bryan,Dry Deserts (In Dreams/Napalm Skies) - With Solo,https://danielchaveztutorials.com/tabs/dry-deserts,Standard,2nd Fret,C5/G | G | Em | D5/A | D,Strumming
Zach Bryan,East Side of Sorrow,https://danielchaveztutorials.com/tabs/east-side-of-sorrow,Standard,3rd Fret,Cadd9 | G | Em | D,Muted-Strumming
Zach Bryan,Fifth of May,https://danielchaveztutorials.com/tabs/fifth-of-may,Standard,N/A,Asus2 | E | B5 | C#5,Picking/Strumming
Zach Bryan,From A Lover's Point Of View,https://danielchaveztutorials.com/tabs/from-a-lovers-point-of-view,Standard,5th Fret,Am | G | F | C,Strumming
Zach Bryan,Funny Man,https://danielchaveztutorials.com/tabs/funny-man,Standard,N/A,C | F | Am | G,Strumming
Zach Bryan,God Speed,https://danielchaveztutorials.com/tabs/god-speed,Standard,N/A,C | G | Am | F,Strumming
Zach Bryan,Heading South,https://danielchaveztutorials.com/tabs/heading-south,Standard,4th Fret,Am | F | C | G,Picking/Muted-Strumming
Zach Bryan,High Road (Motorbreath),https://danielchaveztutorials.com/tabs/high-road,Standard,4th Fret,C | Gadd11 | F | G6 | Cadd9/A | Em7/D | Am,Strumming
Zach Bryan,I Remember Everything (feat. Kacey Musgraves),https://danielchaveztutorials.com/tabs/i-remember-everything,Standard,N/A,Am | G | C | F,Strumming
Zach Bryan,If They Come Lookin' (Acoustic),https://danielchaveztutorials.com/tabs/if-they-come-lookin-acoustic,Standard,N/A,C#5/G# | E5/B | B5/F# | Asus2,Strumming
Zach Bryan,Jamie,https://danielchaveztutorials.com/tabs/jamie,Standard,N/A,Em | C/G | G | D,Strumming
Zach Bryan,Leaving,https://danielchaveztutorials.com/tabs/leaving,Standard,3rd Fret,Em7 | Cadd9 | G,Picking/Strumming
Zach Bryan,Let You Down,https://danielchaveztutorials.com/tabs/let-you-down,Standard,N/A,Em | D | G,Strumming
Zach Bryan,Letting Someone Go,https://danielchaveztutorials.com/tabs/letting-someone-go,Standard,N/A,Am | F | C | G,Strumming
Zach Bryan,Lodi When,https://danielchaveztutorials.com/tabs/lodi-when,,,,
Zach Bryan,Loom,https://danielchaveztutorials.com/tabs/loom,Standard,3rd Fret,Am7 | C/B | C | G | G/C,Finger-picking/Strumming
Zach Bryan,Madeline,https://danielchaveztutorials.com/tabs/madeline,Standard,6th Fret,G | C | Em,Strumming
Zach Bryan,Me and Mine,https://danielchaveztutorials.com/tabs/me-and-mine,Standard,2nd Fret,Am | Em | G | C,Picking/Muted-Strumming
Zach Bryan,Memphis; The Blues (feat. John Moreland,https://danielchaveztutorials.com/tabs/memphis-the-blues,Standard,N/A,A5 | E | B5 | E5/B,Strumming
Zach Bryan,Nine Ball,https://danielchaveztutorials.com/tabs/nine-ball,Standard,N/A,Em | D | G | C,Picking/Muted-Strumming
Zach Bryan,Northern Thunder,https://danielchaveztutorials.com/tabs/northern-thunder,Standard,5th Fret,C | Fsus2 | G | F | Am,Picking/Strumming
Zach Bryan,November Air,https://danielchaveztutorials.com/tabs/november-air,Standard,3rd Fret,Am | C/B | C | G | F,Finger-picking/Strumming
Zach Bryan,Oak Island,https://danielchaveztutorials.com/tabs/oak-island,Standard,1st Fret,Am | G | F | C,Picking/Strumming
Zach Bryan,Oklahoma City,https://danielchaveztutorials.com/tabs/oklahoma-city,Standard,5th Fret,F | C | G | Am,Picking/Muted-Strumming
Zach Bryan,Oklahoma Smokeshow,https://danielchaveztutorials.com/tabs/oklahoma-smokeshow,Standard,1st Fret,G | C5/G | Em | D5/A | C | D,Picking/Muted-Strumming
Zach Bryan,Pink Skies (Eulogy),https://danielchaveztutorials.com/tabs/pink-skies,Standard,5th Fret,Cadd9 | G | Em7 | D/F# | D,Picking/Strumming
Zach Bryan,Plastic Cigarette,https://danielchaveztutorials.com/tabs/plastic-cigarette,Standard,5th Fret,C | Em | G | D,Strumming
Zach Bryan,River Washed Hair,https://danielchaveztutorials.com/tabs/river-washed-hair,Standard,N/A,C | G | F,Strumming
Zach Bryan,Rivers and Creeks (Acoustic),https://danielchaveztutorials.com/tabs/rivers-and-creeks-acoustic,Standard,2nd Fret,C/G | Em | G | D,Strumming
Zach Bryan,Runny Eggs,https://danielchaveztutorials.com/tabs/runny-eggs,Standard,N/A,,Finger-picking
Zach Bryan,Runny Eggs (Acoustic),https://danielchaveztutorials.com/tabs/runny-eggs-acoustic,Standard,N/A,,Finger-picking
Zach Bryan,Santa Fe (Acoustic),https://danielchaveztutorials.com/tabs/santa-fe-acoustic,Standard,N/A,,Strumming
Zach Bryan,Say Why,https://danielchaveztutorials.com/tabs/say-why,Standard,3rd Fret,Am | Gadd11 | C | Fmaj7,Finger-picking/Strumming
Zach Bryan,Skin (Acoustic),https://danielchaveztutorials.com/tabs/skin-acoustic,Standard,N/A,,Finger-picking/Strumming
Zach Bryan,Slicked Back (Acoustic),https://danielchaveztutorials.com/tabs/slicked-back-acoustic,Standard,3rd Fret,Fmaj7 | C | Am | G | C/G,Strumming
Zach Bryan,Someday (Maggie's),https://danielchaveztutorials.com/tabs/someday-maggies,Standard,4th Fret,Fsus2 | C | Am | G6 | G | F,Finger-picking/Strumming
Zach Bryan,Something In The Orange,https://danielchaveztutorials.com/tabs/something-in-the-orange,Standard,N/A,Em7 | D/F# | G | C | D,Picking/Strumming
Zach Bryan,Song For You,https://danielchaveztutorials.com/tabs/song-for-you,Standard,3rd Fret,C | Am7 | G | F | Am,Finger-picking/Strumming
Zach Bryan,South and Pine,https://danielchaveztutorials.com/tabs/south-and-pine-acoustic,Standard,3rd Fret,E | D6sus2 | Asus2 | C#m11,Strumming
Zach Bryan,Starved,https://danielchaveztutorials.com/tabs/starved,Standard,N/A,G | Dsus2 | Bm | Asus4 | Dadd4,Picking/Strumming
Zach Bryan,Sun to Me,https://danielchaveztutorials.com/tabs/sun-to-me,Standard,N/A,Am | C | F | G,Strumming
Zach Bryan,Sundown Girls (Acoustic),https://danielchaveztutorials.com/tabs/sundown-girls-acoustic,Standard,2nd Fret,D/G | Cadd9 | G | Em,Strumming
Zach Bryan,Sweet DeAnn,https://danielchaveztutorials.com/tabs/sweet-deann,Standard,1st Fret,D | G | A,Strumming
Zach Bryan,Tishomingo,https://danielchaveztutorials.com/tabs/tishomingo,Standard,6th Fret,C | Am | G | F,Picking/Strumming
Zach Bryan,Tourniquet,https://danielchaveztutorials.com/tabs/tourniquet,Standard,6th Fret,F | G | Am | C/B | C,Picking/Muted-Strumming
Zach Bryan,With Heaven On Top (Acoustic),https://danielchaveztutorials.com/tabs/with-heaven-on-top-acoustic,Standard,N/A,C/G | F | G | Am,Strumming
Zach Bryan,You Can Still Come Home (Acoustic),https://danielchaveztutorials.com/tabs/you-can-still-come-home-acoustic,Standard,2nd Fret,C/G | Em | D | A7sus | Em7/B | Dsus,Strumming
Zach Bryan,You'll Get By,https://danielchaveztutorials.com/tabs/youll-get-by,,,,
